都道府県コード又は市区町村コード,NO,都道府県名,市区町村名,種別,住所,方書,緯度（１０進法表記）,経度（１０進法表記）,容量（ｍ3）,備考
252123,0000000001,滋賀県,高島市,防火水槽,高島市マキノ町在原,,35.51343056 ,136.07371944 ,40,公設（有蓋）
252123,0000000002,滋賀県,高島市,防火水槽,高島市マキノ町在原,,35.51423889 ,136.07293333 ,40,公設（有蓋）
252123,0000000003,滋賀県,高島市,防火水槽,高島市マキノ町在原,,35.51424722 ,136.07195278 ,40,公設（有蓋）
252123,0000000004,滋賀県,高島市,防火水槽,高島市マキノ町浦浦,,35.48816667 ,136.06253333 ,40,公設（有蓋）
252123,0000000005,滋賀県,高島市,防火水槽,高島市マキノ町浦浦,,35.48922222 ,136.06121944 ,40,公設（有蓋）
252123,0000000006,滋賀県,高島市,防火水槽,高島市マキノ町浦浦,,35.48764444 ,136.06089444 ,40,公設（有蓋）
252123,0000000007,滋賀県,高島市,防火水槽,高島市マキノ町浦上分,,35.48310000 ,136.07705833 ,40,公設（有蓋）
252123,0000000008,滋賀県,高島市,防火水槽,高島市マキノ町海津,,35.46593056 ,136.07545278 ,40,公設（有蓋）
252123,0000000009,滋賀県,高島市,防火水槽,高島市マキノ町海津,,35.46717778 ,136.07885278 ,40,公設（有蓋）
252123,0000000010,滋賀県,高島市,防火水槽,高島市マキノ町海津,,35.46523056 ,136.07759722 ,40,公設（有蓋）
252123,0000000011,滋賀県,高島市,防火水槽,高島市マキノ町海津,,35.46432500 ,136.07274722 ,40,公設（有蓋）
252123,0000000012,滋賀県,高島市,防火水槽,高島市マキノ町海津,,35.46503889 ,136.07596944 ,40,公設（有蓋）
252123,0000000013,滋賀県,高島市,防火水槽,高島市マキノ町海津,,35.46505833 ,136.07944722 ,40,公設（有蓋）
252123,0000000014,滋賀県,高島市,防火水槽,高島市マキノ町海津,,35.46574722 ,136.07072778 ,40,公設（有蓋）
252123,0000000015,滋賀県,高島市,防火水槽,高島市マキノ町海津,,35.46661944 ,136.07297500 ,40,公設（有蓋）
252123,0000000016,滋賀県,高島市,防火水槽,高島市マキノ町小荒路上ノ山,,35.49160000 ,136.08740556 ,40,公設（有蓋）
252123,0000000017,滋賀県,高島市,防火水槽,高島市マキノ町小荒路小荒路,,35.48302500 ,136.08363333 ,40,公設（有蓋）
252123,0000000018,滋賀県,高島市,防火水槽,高島市マキノ町小荒路小荒路,,35.48428333 ,136.08480556 ,40,公設（有蓋）
252123,0000000019,滋賀県,高島市,防火水槽,高島市マキノ町小荒路小荒路,,35.48484167 ,136.08371667 ,40,公設（有蓋）
252123,0000000020,滋賀県,高島市,防火水槽,高島市マキノ町小荒路田谷,,35.48856111 ,136.08573056 ,40,公設（有蓋）
252123,0000000021,滋賀県,高島市,防火水槽,高島市マキノ町小荒路田谷,,35.48718611 ,136.08537222 ,40,公設（有蓋）
252123,0000000022,滋賀県,高島市,防火水槽,高島市マキノ町下小中,,35.49612222 ,136.06186389 ,40,公設（有蓋）
252123,0000000023,滋賀県,高島市,防火水槽,高島市マキノ町下小中,,35.49622500 ,136.06028056 ,40,公設（有蓋）
252123,0000000024,滋賀県,高島市,防火水槽,高島市マキノ町下坂ノ下,,35.49349722 ,136.05865556 ,40,公設（有蓋）
252123,0000000025,滋賀県,高島市,防火水槽,高島市マキノ町下下出,,35.49642778 ,136.05313889 ,40,公設（有蓋）
252123,0000000026,滋賀県,高島市,防火水槽,高島市マキノ町高木浜一丁目,,35.46080000 ,136.06089444 ,40,公設（有蓋）
252123,0000000027,滋賀県,高島市,防火水槽,高島市マキノ町高木浜一丁目,,35.45890556 ,136.06192222 ,40,公設（有蓋）
252123,0000000028,滋賀県,高島市,防火水槽,高島市マキノ町西浜,,35.46016944 ,136.05375556 ,40,公設（有蓋）
252123,0000000029,滋賀県,高島市,防火水槽,高島市マキノ町西浜,,35.46121111 ,136.05674167 ,40,公設（有蓋）
252123,0000000030,滋賀県,高島市,防火水槽,高島市マキノ町西浜,,35.46214167 ,136.06906944 ,40,公設（有蓋）
252123,0000000031,滋賀県,高島市,防火水槽,高島市マキノ町西浜,,35.46065833 ,136.06690833 ,40,公設（有蓋）
252123,0000000032,滋賀県,高島市,防火水槽,高島市マキノ町西浜,,35.45905833 ,136.06498889 ,40,公設（有蓋）
252123,0000000033,滋賀県,高島市,防火水槽,高島市マキノ町西浜,,35.45695000 ,136.06240556 ,40,公設（有蓋）
252123,0000000034,滋賀県,高島市,防火水槽,高島市マキノ町野口国境,,35.53335000 ,136.09460556 ,40,公設（有蓋）
252123,0000000035,滋賀県,高島市,防火水槽,高島市マキノ町野口路原,,35.51634167 ,136.09141944 ,40,公設（有蓋）
252123,0000000036,滋賀県,高島市,防火水槽,高島市　マキノ町野口野口,,35.49933611 ,136.09041667 ,40,公設（有蓋）
252123,0000000037,滋賀県,高島市,防火水槽,高島市マキノ町山中,,35.49585833 ,136.06855556 ,40,公設（有蓋）
252123,0000000038,滋賀県,高島市,防火水槽,高島市マキノ町山中,,35.49601111 ,136.06996944 ,40,公設（有蓋）
252123,0000000039,滋賀県,高島市,防火水槽,高島市マキノ町山中,,35.49422222 ,136.06932778 ,40,公設（有蓋）
252123,0000000040,滋賀県,高島市,防火水槽,高島市マキノ町石庭,,35.47538611 ,136.02790556 ,40,公設（有蓋）
252123,0000000041,滋賀県,高島市,防火水槽,高島市マキノ町石庭,,35.47696944 ,136.02749167 ,40,公設（有蓋）
252123,0000000042,滋賀県,高島市,防火水槽,高島市マキノ町石庭,,35.47403611 ,136.03245556 ,40,公設（有蓋）
252123,0000000043,滋賀県,高島市,防火水槽,高島市 マキノ町石庭（マロンガーデン）,,35.48003889 ,136.02859444 ,40,公設（有蓋）
252123,0000000044,滋賀県,高島市,防火水槽,高島市マキノ町大沼,,35.44044722 ,136.03143056 ,40,公設（有蓋）
252123,0000000045,滋賀県,高島市,防火水槽,高島市マキノ町大沼,,35.44315833 ,136.02570278 ,40,公設（有蓋）
252123,0000000046,滋賀県,高島市,防火水槽,高島市マキノ町大沼,,35.43978056 ,136.03376111 ,40,公設（有蓋）
252123,0000000047,滋賀県,高島市,防火水槽,高島市マキノ町大沼,,35.43986944 ,136.03259167 ,40,公設（有蓋）
252123,0000000048,滋賀県,高島市,防火水槽,高島市マキノ町上開田,,35.48114444 ,136.04844722 ,40,公設（有蓋）
252123,0000000049,滋賀県,高島市,防火水槽,高島市マキノ町上開田,,35.48031944 ,136.04620833 ,40,公設（有蓋）
252123,0000000050,滋賀県,高島市,防火水槽,高島市マキノ町上開田,,35.48002222 ,136.04815556 ,40,公設（有蓋）
252123,0000000051,滋賀県,高島市,防火水槽,高島市マキノ町沢,,35.46149167 ,136.03640000 ,40,公設（有蓋）
252123,0000000052,滋賀県,高島市,防火水槽,高島市マキノ町沢,,35.46200278 ,136.03787778 ,40,公設（有蓋）
252123,0000000053,滋賀県,高島市,防火水槽,高島市マキノ町沢,,35.46033333 ,136.03500556 ,40,公設（有蓋）
252123,0000000054,滋賀県,高島市,防火水槽,高島市マキノ町沢,,35.46060000 ,136.03794167 ,40,公設（有蓋）
252123,0000000055,滋賀県,高島市,防火水槽,高島市マキノ町沢,,35.46048056 ,136.03617778 ,40,公設（有蓋）
252123,0000000056,滋賀県,高島市,防火水槽,高島市マキノ町沢,,35.46009722 ,136.03717778 ,40,公設（有蓋）
252123,0000000057,滋賀県,高島市,防火水槽,高島市マキノ町沢,,35.45996944 ,136.03952222 ,40,公設（有蓋）
252123,0000000058,滋賀県,高島市,防火水槽,高島市マキノ町沢,,35.46293611 ,136.03928333 ,40,公設（有蓋）
252123,0000000059,滋賀県,高島市,防火水槽,高島市マキノ町白谷白谷,,35.49961667 ,136.04207778 ,40,公設（有蓋）
252123,0000000060,滋賀県,高島市,防火水槽,高島市マキノ町白谷白谷,,35.50114722 ,136.04212500 ,40,公設（有蓋）
252123,0000000061,滋賀県,高島市,防火水槽,高島市マキノ町白谷白谷,,35.49793333 ,136.04121944 ,40,公設（有蓋）
252123,0000000062,滋賀県,高島市,防火水槽,高島市マキノ町白谷白谷,,35.49913889 ,136.04119444 ,40,公設（有蓋）
252123,0000000063,滋賀県,高島市,防火水槽,高島市マキノ町白谷長寿苑,,35.50317222 ,136.04399722 ,40,公設（有蓋）
252123,0000000064,滋賀県,高島市,防火水槽,高島市マキノ町下開田,,35.47493889 ,136.05154722 ,40,公設（有蓋）
252123,0000000065,滋賀県,高島市,防火水槽,高島市マキノ町下開田,,35.47579167 ,136.05166389 ,40,公設（有蓋）
252123,0000000066,滋賀県,高島市,防火水槽,高島市マキノ町新保新保,,35.44638333 ,136.03379722 ,40,公設（有蓋）
252123,0000000067,滋賀県,高島市,防火水槽,高島市マキノ町新保新保,,35.44539167 ,136.03322222 ,80,公設（有蓋）
252123,0000000068,滋賀県,高島市,防火水槽,高島市マキノ町新保新保,,35.44650833 ,136.03507778 ,40,公設（有蓋）
252123,0000000069,滋賀県,高島市,防火水槽,高島市マキノ町新保新保,,35.44733889 ,136.03511111 ,40,公設（有蓋）
252123,0000000070,滋賀県,高島市,防火水槽,高島市マキノ町新保新保,,35.44762778 ,136.03373889 ,40,公設（有蓋）
252123,0000000071,滋賀県,高島市,防火水槽,高島市マキノ町新保新保,,35.44840000 ,136.03452778 ,40,公設（有蓋）
252123,0000000072,滋賀県,高島市,防火水槽,高島市マキノ町新保新保,,35.45015278 ,136.03449444 ,40,公設（有蓋）
252123,0000000073,滋賀県,高島市,防火水槽,高島市マキノ町新保新保　グリーンレイクヴィラ,,35.44814444 ,136.02220556 ,40,公設（有蓋）
252123,0000000074,滋賀県,高島市,防火水槽,高島市マキノ町新保新保　グリーンレイクヴィラ,,35.44894167 ,136.02739722 ,40,公設（有蓋）
252123,0000000075,滋賀県,高島市,防火水槽,高島市マキノ町新保新保　グリーンレイクヴィラ,,35.44794167 ,136.02452222 ,40,公設（有蓋）
252123,0000000076,滋賀県,高島市,防火水槽,高島市マキノ町新保新保浜,,35.44317778 ,136.04749167 ,40,公設（有蓋）
252123,0000000077,滋賀県,高島市,防火水槽,高島市マキノ町知内,,35.44855278 ,136.05297500 ,40,公設（有蓋）
252123,0000000078,滋賀県,高島市,防火水槽,高島市マキノ町知内下知内,,35.44955556 ,136.05655278 ,40,公設（有蓋）
252123,0000000079,滋賀県,高島市,防火水槽,高島市マキノ町知内下知内,,35.45127222 ,136.05675000 ,40,公設（有蓋）
252123,0000000080,滋賀県,高島市,防火水槽,高島市マキノ町知内下知内,,35.44741667 ,136.05167222 ,40,公設（有蓋）
252123,0000000081,滋賀県,高島市,防火水槽,高島市マキノ町知内下知内,,35.44841667 ,136.05442500 ,40,公設（有蓋）
252123,0000000082,滋賀県,高島市,防火水槽,高島市マキノ町辻,,35.46648333 ,136.02987778 ,40,公設（有蓋）
252123,0000000083,滋賀県,高島市,防火水槽,高島市マキノ町寺久保,,35.47209444 ,136.04507778 ,40,公設（有蓋）
252123,0000000084,滋賀県,高島市,防火水槽,高島市マキノ町寺久保,,35.47121111 ,136.04443889 ,40,公設（有蓋）
252123,0000000085,滋賀県,高島市,防火水槽,高島市マキノ町中庄中庄,,35.44371667 ,136.03586667 ,40,公設（有蓋）
252123,0000000086,滋賀県,高島市,防火水槽,高島市マキノ町中庄中庄,,35.44123333 ,136.03622500 ,40,公設（有蓋）
252123,0000000087,滋賀県,高島市,防火水槽,高島市マキノ町中庄中庄,,35.44233333 ,136.03661944 ,40,公設（有蓋）
252123,0000000088,滋賀県,高島市,防火水槽,高島市マキノ町中庄中庄,,35.44278333 ,136.03418333 ,40,公設（有蓋）
252123,0000000089,滋賀県,高島市,防火水槽,高島市マキノ町中庄中庄,,35.44578333 ,136.02791111 ,40,公設（有蓋）
252123,0000000090,滋賀県,高島市,防火水槽,高島市マキノ町中庄中庄,,35.44110278 ,136.03465556 ,40,公設（有蓋）
252123,0000000091,滋賀県,高島市,防火水槽,高島市マキノ町中庄中庄　グリーンレイクヴィラ,,35.44598889 ,136.02508889 ,40,公設（有蓋）
252123,0000000092,滋賀県,高島市,防火水槽,高島市マキノ町中庄中庄浜,,35.44228333 ,136.04642778 ,40,公設（有蓋）
252123,0000000093,滋賀県,高島市,防火水槽,高島市マキノ町蛭口醍醐,,35.46975000 ,136.04469167 ,40,公設（有蓋）
252123,0000000094,滋賀県,高島市,防火水槽,高島市マキノ町蛭口蛭口,,35.46508056 ,136.03856667 ,40,公設（有蓋）
252123,0000000095,滋賀県,高島市,防火水槽,高島市マキノ町蛭口蛭口,,35.46366667 ,136.04339444 ,40,公設（有蓋）
252123,0000000096,滋賀県,高島市,防火水槽,高島市マキノ町蛭口蛭口,,35.46439167 ,136.04232778 ,55,公設（有蓋）
252123,0000000097,滋賀県,高島市,防火水槽,高島市マキノ町蛭口蛭口,,35.46457778 ,136.04068611 ,40,公設（有蓋）
252123,0000000098,滋賀県,高島市,防火水槽,高島市マキノ町蛭口蛭口,,35.46634167 ,136.04305556 ,40,公設（有蓋）
252123,0000000099,滋賀県,高島市,防火水槽,高島市マキノ町蛭口蛭口,,35.46550000 ,136.04317222 ,40,公設（有蓋）
252123,0000000100,滋賀県,高島市,防火水槽,高島市マキノ町北牧野,,35.48939722 ,136.03779444 ,40,公設（有蓋）
252123,0000000101,滋賀県,高島市,防火水槽,高島市マキノ町牧野北牧野,,35.49098056 ,136.03755833 ,40,公設（有蓋）
252123,0000000102,滋賀県,高島市,防火水槽,高島市マキノ町牧野西牧野,,35.48786389 ,136.03317500 ,40,公設（有蓋）
252123,0000000103,滋賀県,高島市,防火水槽,高島市マキノ町牧野南牧野,,35.48446111 ,136.03723889 ,40,公設（有蓋）
252123,0000000104,滋賀県,高島市,防火水槽,高島市マキノ町牧野南牧野,,35.48297500 ,136.03871111 ,40,公設（有蓋）
252123,0000000105,滋賀県,高島市,防火水槽,高島市マキノ町森西,,35.46137500 ,136.02883611 ,40,公設（有蓋）
252123,0000000106,滋賀県,高島市,防火水槽,高島市マキノ町森西,,35.46103056 ,136.03105833 ,40,公設（有蓋）
252123,0000000107,滋賀県,高島市,防火水槽,高島市マキノ町森西,,35.46211944 ,136.02694167 ,40,公設（有蓋）
252123,0000000108,滋賀県,高島市,防火水槽,高島市マキノ町森西,,35.46026389 ,136.02903056 ,40,公設（有蓋）
252123,0000000109,滋賀県,高島市,防火水槽,高島市マキノ町森西,,35.45581667 ,136.02653611 ,40,公設（有蓋）
,,,,,,,,,,
,,,,,,,,,,
,,,,,,,,,,
,,,,,,,,,,
,,,,,,,,,,
,,,,,,,,,,
,,,,,,,,,,
,,,,,,,,,,
,,,,,,,,,,
,,,,,,,,,,
,,,,,,,,,,
,,,,,,,,,,
,,,,,,,,,,
,,,,,,,,,,
,,,,,,,,,,
,,,,,,,,,,
,,,,,,,,,,
,,,,,,,,,,
,,,,,,,,,,
,,,,,,,,,,
,,,,,,,,,,
,,,,,,,,,,
,,,,,,,,,,
,,,,,,,,,,
,,,,,,,,,,
,,,,,,,,,,
,,,,,,,,,,
,,,,,,,,,,
,,,,,,,,,,
,,,,,,,,,,
,,,,,,,,,,
,,,,,,,,,,
,,,,,,,,,,
,,,,,,,,,,
,,,,,,,,,,
,,,,,,,,,,
,,,,,,,,,,
,,,,,,,,,,
,,,,,,,,,,
,,,,,,,,,,
,,,,,,,,,,
,,,,,,,,,,
,,,,,,,,,,
,,,,,,,,,,
,,,,,,,,,,
,,,,,,,,,,
,,,,,,,,,,
,,,,,,,,,,
,,,,,,,,,,
,,,,,,,,,,
,,,,,,,,,,
,,,,,,,,,,
,,,,,,,,,,
,,,,,,,,,,
,,,,,,,,,,
,,,,,,,,,,
,,,,,,,,,,
,,,,,,,,,,
,,,,,,,,,,
,,,,,,,,,,
,,,,,,,,,,
,,,,,,,,,,
,,,,,,,,,,
,,,,,,,,,,
,,,,,,,,,,
,,,,,,,,,,
,,,,,,,,,,
,,,,,,,,,,
,,,,,,,,,,
,,,,,,,,,,
,,,,,,,,,,
,,,,,,,,,,
,,,,,,,,,,
,,,,,,,,,,
,,,,,,,,,,
,,,,,,,,,,
,,,,,,,,,,
